singleton,"['Data/ByteString.hs', 'Data/ByteString/Char8.hs', 'Data/ByteString/Lazy.hs', 'Data/ByteString/Short/Internal.hs', 'Data/ByteString/Lazy/Char8.hs']"
allBytes,['Data/ByteString.hs']
pack,"['Data/ByteString.hs', 'Data/ByteString/Char8.hs', 'Data/ByteString/Lazy.hs', 'Data/ByteString/Short/Internal.hs', 'Data/ByteString/Lazy/Char8.hs']"
unpack,"['Data/ByteString.hs', 'Data/ByteString/Char8.hs', 'Data/ByteString/Lazy.hs', 'Data/ByteString/Short/Internal.hs', 'Data/ByteString/Lazy/Char8.hs']"
unpackFoldr,"['Data/ByteString.hs', 'Data/ByteString/Short/Internal.hs']"
fromFilePath,['Data/ByteString.hs']
toFilePath,['Data/ByteString.hs']
null,"['Data/ByteString.hs', 'Data/ByteString/Lazy.hs', 'Data/ByteString/Short/Internal.hs']"
length,"['Data/ByteString.hs', 'Data/ByteString/Lazy.hs', 'Data/ByteString/Short/Internal.hs']"
cons,"['Data/ByteString.hs', 'Data/ByteString/Char8.hs', 'Data/ByteString/Lazy.hs', 'Data/ByteString/Short/Internal.hs', 'Data/ByteString/Lazy/Char8.hs']"
snoc,"['Data/ByteString.hs', 'Data/ByteString/Char8.hs', 'Data/ByteString/Lazy.hs', 'Data/ByteString/Short/Internal.hs', 'Data/ByteString/Lazy/Char8.hs']"
head,"['Data/ByteString.hs', 'Data/ByteString/Char8.hs', 'Data/ByteString/Lazy.hs', 'Data/ByteString/Short/Internal.hs', 'Data/ByteString/Lazy/Char8.hs']"
tail,"['Data/ByteString.hs', 'Data/ByteString/Lazy.hs', 'Data/ByteString/Short/Internal.hs']"
uncons,"['Data/ByteString.hs', 'Data/ByteString/Char8.hs', 'Data/ByteString/Lazy.hs', 'Data/ByteString/Short/Internal.hs', 'Data/ByteString/Lazy/Char8.hs']"
last,"['Data/ByteString.hs', 'Data/ByteString/Char8.hs', 'Data/ByteString/Lazy.hs', 'Data/ByteString/Short/Internal.hs', 'Data/ByteString/Lazy/Char8.hs']"
init,"['Data/ByteString.hs', 'Data/ByteString/Lazy.hs', 'Data/ByteString/Short/Internal.hs']"
unsnoc,"['Data/ByteString.hs', 'Data/ByteString/Char8.hs', 'Data/ByteString/Lazy.hs', 'Data/ByteString/Short/Internal.hs', 'Data/ByteString/Lazy/Char8.hs']"
append,"['Data/ByteString.hs', 'Data/ByteString/Lazy.hs', 'Data/ByteString/Short/Internal.hs', 'Data/ByteString/Internal/Type.hs', 'Data/ByteString/Lazy/Internal.hs', 'Data/ByteString/Builder/Internal.hs']"
map,"['Data/ByteString.hs', 'Data/ByteString/Char8.hs', 'Data/ByteString/Lazy.hs', 'Data/ByteString/Short/Internal.hs', 'Data/ByteString/Lazy/Char8.hs']"
reverse,"['Data/ByteString.hs', 'Data/ByteString/Lazy.hs', 'Data/ByteString/Short/Internal.hs']"
intersperse,"['Data/ByteString.hs', 'Data/ByteString/Char8.hs', 'Data/ByteString/Lazy.hs', 'Data/ByteString/Internal/Pure.hs', 'Data/ByteString/Lazy/Char8.hs']"
transpose,"['Data/ByteString.hs', 'Data/ByteString/Lazy.hs']"
foldl,"['Data/ByteString.hs', 'Data/ByteString/Char8.hs', 'Data/ByteString/Lazy.hs', 'Data/ByteString/Short/Internal.hs', 'Data/ByteString/Lazy/Char8.hs']"
foldl',"['Data/ByteString.hs', 'Data/ByteString/Char8.hs', 'Data/ByteString/Lazy.hs', 'Data/ByteString/Short/Internal.hs', 'Data/ByteString/Lazy/Char8.hs']"
foldr,"['Data/ByteString.hs', 'Data/ByteString/Char8.hs', 'Data/ByteString/Lazy.hs', 'Data/ByteString/Short/Internal.hs', 'Data/ByteString/Lazy/Char8.hs']"
foldr',"['Data/ByteString.hs', 'Data/ByteString/Char8.hs', 'Data/ByteString/Lazy.hs', 'Data/ByteString/Short/Internal.hs', 'Data/ByteString/Lazy/Char8.hs']"
foldl1,"['Data/ByteString.hs', 'Data/ByteString/Char8.hs', 'Data/ByteString/Lazy.hs', 'Data/ByteString/Short/Internal.hs', 'Data/ByteString/Lazy/Char8.hs']"
foldl1',"['Data/ByteString.hs', 'Data/ByteString/Char8.hs', 'Data/ByteString/Lazy.hs', 'Data/ByteString/Short/Internal.hs', 'Data/ByteString/Lazy/Char8.hs']"
foldr1,"['Data/ByteString.hs', 'Data/ByteString/Char8.hs', 'Data/ByteString/Lazy.hs', 'Data/ByteString/Short/Internal.hs', 'Data/ByteString/Lazy/Char8.hs']"
foldr1',"['Data/ByteString.hs', 'Data/ByteString/Char8.hs', 'Data/ByteString/Lazy.hs', 'Data/ByteString/Short/Internal.hs', 'Data/ByteString/Lazy/Char8.hs']"
concat,"['Data/ByteString.hs', 'Data/ByteString/Lazy.hs', 'Data/ByteString/Short/Internal.hs', 'Data/ByteString/Internal/Type.hs', 'Data/ByteString/Lazy/Internal.hs']"
concatMap,"['Data/ByteString.hs', 'Data/ByteString/Char8.hs', 'Data/ByteString/Lazy.hs', 'Data/ByteString/Lazy/Char8.hs']"
any,"['Data/ByteString.hs', 'Data/ByteString/Char8.hs', 'Data/ByteString/Lazy.hs', 'Data/ByteString/Short/Internal.hs', 'Data/ByteString/Lazy/Char8.hs']"
anyByte,['Data/ByteString.hs']
all,"['Data/ByteString.hs', 'Data/ByteString/Char8.hs', 'Data/ByteString/Lazy.hs', 'Data/ByteString/Short/Internal.hs', 'Data/ByteString/Lazy/Char8.hs']"
maximum,"['Data/ByteString.hs', 'Data/ByteString/Char8.hs', 'Data/ByteString/Lazy.hs', 'Data/ByteString/Lazy/Char8.hs']"
minimum,"['Data/ByteString.hs', 'Data/ByteString/Char8.hs', 'Data/ByteString/Lazy.hs', 'Data/ByteString/Lazy/Char8.hs']"
mapAccumL,"['Data/ByteString.hs', 'Data/ByteString/Char8.hs', 'Data/ByteString/Lazy.hs', 'Data/ByteString/Lazy/Char8.hs']"
mapAccumR,"['Data/ByteString.hs', 'Data/ByteString/Char8.hs', 'Data/ByteString/Lazy.hs', 'Data/ByteString/Lazy/Char8.hs']"
scanl,"['Data/ByteString.hs', 'Data/ByteString/Char8.hs', 'Data/ByteString/Lazy.hs', 'Data/ByteString/Lazy/Char8.hs']"
scanl1,"['Data/ByteString.hs', 'Data/ByteString/Char8.hs', 'Data/ByteString/Lazy.hs', 'Data/ByteString/Lazy/Char8.hs']"
scanr,"['Data/ByteString.hs', 'Data/ByteString/Char8.hs', 'Data/ByteString/Lazy.hs', 'Data/ByteString/Lazy/Char8.hs']"
scanr1,"['Data/ByteString.hs', 'Data/ByteString/Char8.hs', 'Data/ByteString/Lazy.hs', 'Data/ByteString/Lazy/Char8.hs']"
replicate,"['Data/ByteString.hs', 'Data/ByteString/Char8.hs', 'Data/ByteString/Lazy.hs', 'Data/ByteString/Short/Internal.hs', 'Data/ByteString/Lazy/Char8.hs']"
unfoldr,"['Data/ByteString.hs', 'Data/ByteString/Char8.hs', 'Data/ByteString/Lazy.hs', 'Data/ByteString/Short/Internal.hs', 'Data/ByteString/Lazy/Char8.hs']"
unfoldrN,"['Data/ByteString.hs', 'Data/ByteString/Char8.hs', 'Data/ByteString/Short/Internal.hs']"
take,"['Data/ByteString.hs', 'Data/ByteString/Lazy.hs', 'Data/ByteString/Short/Internal.hs']"
takeEnd,"['Data/ByteString.hs', 'Data/ByteString/Lazy.hs', 'Data/ByteString/Short/Internal.hs']"
drop,"['Data/ByteString.hs', 'Data/ByteString/Lazy.hs', 'Data/ByteString/Short/Internal.hs']"
dropEnd,"['Data/ByteString.hs', 'Data/ByteString/Lazy.hs', 'Data/ByteString/Short/Internal.hs']"
splitAt,"['Data/ByteString.hs', 'Data/ByteString/Lazy.hs', 'Data/ByteString/Short/Internal.hs']"
takeWhile,"['Data/ByteString.hs', 'Data/ByteString/Char8.hs', 'Data/ByteString/Lazy.hs', 'Data/ByteString/Short/Internal.hs', 'Data/ByteString/Lazy/Char8.hs']"
takeWhileEnd,"['Data/ByteString.hs', 'Data/ByteString/Char8.hs', 'Data/ByteString/Lazy.hs', 'Data/ByteString/Short/Internal.hs', 'Data/ByteString/Lazy/Char8.hs']"
dropWhile,"['Data/ByteString.hs', 'Data/ByteString/Char8.hs', 'Data/ByteString/Lazy.hs', 'Data/ByteString/Short/Internal.hs', 'Data/ByteString/Lazy/Char8.hs']"
dropWhileEnd,"['Data/ByteString.hs', 'Data/ByteString/Char8.hs', 'Data/ByteString/Lazy.hs', 'Data/ByteString/Short/Internal.hs', 'Data/ByteString/Lazy/Char8.hs']"
break,"['Data/ByteString.hs', 'Data/ByteString/Char8.hs', 'Data/ByteString/Lazy.hs', 'Data/ByteString/Short/Internal.hs', 'Data/ByteString/Lazy/Char8.hs']"
breakByte,"['Data/ByteString.hs', 'Data/ByteString/Lazy.hs', 'Data/ByteString/Short/Internal.hs']"
breakEnd,"['Data/ByteString.hs', 'Data/ByteString/Char8.hs', 'Data/ByteString/Lazy.hs', 'Data/ByteString/Short/Internal.hs', 'Data/ByteString/Lazy/Char8.hs']"
span,"['Data/ByteString.hs', 'Data/ByteString/Char8.hs', 'Data/ByteString/Lazy.hs', 'Data/ByteString/Short/Internal.hs', 'Data/ByteString/Lazy/Char8.hs']"
spanByte,"['Data/ByteString.hs', 'Data/ByteString/Lazy.hs']"
spanEnd,"['Data/ByteString.hs', 'Data/ByteString/Char8.hs', 'Data/ByteString/Lazy.hs', 'Data/ByteString/Short/Internal.hs', 'Data/ByteString/Lazy/Char8.hs']"
splitWith,"['Data/ByteString.hs', 'Data/ByteString/Char8.hs', 'Data/ByteString/Lazy.hs', 'Data/ByteString/Short/Internal.hs', 'Data/ByteString/Lazy/Char8.hs']"
split,"['Data/ByteString.hs', 'Data/ByteString/Char8.hs', 'Data/ByteString/Lazy.hs', 'Data/ByteString/Short/Internal.hs', 'Data/ByteString/Lazy/Char8.hs']"
group,"['Data/ByteString.hs', 'Data/ByteString/Lazy.hs']"
groupBy,"['Data/ByteString.hs', 'Data/ByteString/Char8.hs', 'Data/ByteString/Lazy.hs', 'Data/ByteString/Lazy/Char8.hs']"
intercalate,"['Data/ByteString.hs', 'Data/ByteString/Lazy.hs', 'Data/ByteString/Short/Internal.hs']"
index,"['Data/ByteString.hs', 'Data/ByteString/Char8.hs', 'Data/ByteString/Lazy.hs', 'Data/ByteString/Short/Internal.hs', 'Data/ByteString/Lazy/Char8.hs']"
indexMaybe,"['Data/ByteString.hs', 'Data/ByteString/Char8.hs', 'Data/ByteString/Lazy.hs', 'Data/ByteString/Short/Internal.hs', 'Data/ByteString/Lazy/Char8.hs']"
(!?),"['Data/ByteString.hs', 'Data/ByteString/Char8.hs', 'Data/ByteString/Lazy.hs', 'Data/ByteString/Short/Internal.hs', 'Data/ByteString/Lazy/Char8.hs']"
elemIndex,"['Data/ByteString.hs', 'Data/ByteString/Char8.hs', 'Data/ByteString/Lazy.hs', 'Data/ByteString/Short/Internal.hs', 'Data/ByteString/Internal/Pure.hs', 'Data/ByteString/Lazy/Char8.hs']"
elemIndexEnd,"['Data/ByteString.hs', 'Data/ByteString/Char8.hs', 'Data/ByteString/Lazy.hs', 'Data/ByteString/Lazy/Char8.hs']"
elemIndices,"['Data/ByteString.hs', 'Data/ByteString/Char8.hs', 'Data/ByteString/Lazy.hs', 'Data/ByteString/Short/Internal.hs', 'Data/ByteString/Lazy/Char8.hs']"
count,"['Data/ByteString.hs', 'Data/ByteString/Char8.hs', 'Data/ByteString/Lazy.hs', 'Data/ByteString/Short/Internal.hs', 'Data/ByteString/Lazy/Char8.hs']"
findIndex,"['Data/ByteString.hs', 'Data/ByteString/Char8.hs', 'Data/ByteString/Lazy.hs', 'Data/ByteString/Short/Internal.hs', 'Data/ByteString/Lazy/Char8.hs']"
findIndexEnd,"['Data/ByteString.hs', 'Data/ByteString/Char8.hs', 'Data/ByteString/Lazy.hs', 'Data/ByteString/Lazy/Char8.hs']"
findIndices,"['Data/ByteString.hs', 'Data/ByteString/Char8.hs', 'Data/ByteString/Lazy.hs', 'Data/ByteString/Short/Internal.hs', 'Data/ByteString/Lazy/Char8.hs']"
elem,"['Data/ByteString.hs', 'Data/ByteString/Char8.hs', 'Data/ByteString/Lazy.hs', 'Data/ByteString/Short/Internal.hs', 'Data/ByteString/Lazy/Char8.hs']"
notElem,"['Data/ByteString.hs', 'Data/ByteString/Char8.hs', 'Data/ByteString/Lazy.hs', 'Data/ByteString/Lazy/Char8.hs']"
filter,"['Data/ByteString.hs', 'Data/ByteString/Char8.hs', 'Data/ByteString/Lazy.hs', 'Data/ByteString/Short/Internal.hs', 'Data/ByteString/Lazy/Char8.hs']"
filterByte,"['Data/ByteString.hs', 'Data/ByteString/Lazy.hs']"
find,"['Data/ByteString.hs', 'Data/ByteString/Char8.hs', 'Data/ByteString/Lazy.hs', 'Data/ByteString/Short/Internal.hs', 'Data/ByteString/Lazy/Char8.hs']"
partition,"['Data/ByteString.hs', 'Data/ByteString/Char8.hs', 'Data/ByteString/Lazy.hs', 'Data/ByteString/Short/Internal.hs', 'Data/ByteString/Internal/Pure.hs', 'Data/ByteString/Lazy/Char8.hs']"
isPrefixOf,"['Data/ByteString.hs', 'Data/ByteString/Lazy.hs', 'Data/ByteString/Short/Internal.hs']"
stripPrefix,"['Data/ByteString.hs', 'Data/ByteString/Lazy.hs', 'Data/ByteString/Short/Internal.hs']"
isSuffixOf,"['Data/ByteString.hs', 'Data/ByteString/Lazy.hs', 'Data/ByteString/Short/Internal.hs']"
stripSuffix,"['Data/ByteString.hs', 'Data/ByteString/Lazy.hs', 'Data/ByteString/Short/Internal.hs']"
isInfixOf,"['Data/ByteString.hs', 'Data/ByteString/Short/Internal.hs']"
isValidUtf8,"['Data/ByteString.hs', 'Data/ByteString/Short/Internal.hs', 'Data/ByteString/Internal/Pure.hs']"
breakSubstring,"['Data/ByteString.hs', 'Data/ByteString/Short/Internal.hs']"
zip,"['Data/ByteString.hs', 'Data/ByteString/Char8.hs', 'Data/ByteString/Lazy.hs', 'Data/ByteString/Lazy/Char8.hs']"
zipWith,"['Data/ByteString.hs', 'Data/ByteString/Char8.hs', 'Data/ByteString/Lazy.hs', 'Data/ByteString/Lazy/Char8.hs']"
packZipWith,"['Data/ByteString.hs', 'Data/ByteString/Char8.hs', 'Data/ByteString/Lazy.hs', 'Data/ByteString/Lazy/Char8.hs']"
unzip,"['Data/ByteString.hs', 'Data/ByteString/Char8.hs', 'Data/ByteString/Lazy.hs', 'Data/ByteString/Lazy/Char8.hs']"
inits,"['Data/ByteString.hs', 'Data/ByteString/Lazy.hs']"
initsNE,"['Data/ByteString.hs', 'Data/ByteString/Lazy.hs']"
tails,"['Data/ByteString.hs', 'Data/ByteString/Lazy.hs']"
tailsNE,"['Data/ByteString.hs', 'Data/ByteString/Lazy.hs']"
sort,['Data/ByteString.hs']
useAsCString,"['Data/ByteString.hs', 'Data/ByteString/Short/Internal.hs']"
useAsCStringLen,"['Data/ByteString.hs', 'Data/ByteString/Short/Internal.hs']"
packCString,"['Data/ByteString.hs', 'Data/ByteString/Short/Internal.hs']"
packCStringLen,"['Data/ByteString.hs', 'Data/ByteString/Short/Internal.hs']"
copy,"['Data/ByteString.hs', 'Data/ByteString/Lazy.hs']"
getLine,"['Data/ByteString.hs', 'Data/ByteString/Char8.hs']"
hGetLine,"['Data/ByteString.hs', 'Data/ByteString/Char8.hs']"
mkPS,['Data/ByteString.hs']
mkBigPS,['Data/ByteString.hs']
hPut,"['Data/ByteString.hs', 'Data/ByteString/Lazy.hs', 'Data/ByteString/Builder/Internal.hs']"
hPutNonBlocking,"['Data/ByteString.hs', 'Data/ByteString/Lazy.hs']"
hPutStr,"['Data/ByteString.hs', 'Data/ByteString/Lazy.hs']"
putStr,"['Data/ByteString.hs', 'Data/ByteString/Lazy.hs']"
hGet,"['Data/ByteString.hs', 'Data/ByteString/Lazy.hs']"
hGetNonBlocking,"['Data/ByteString.hs', 'Data/ByteString/Lazy.hs']"
hGetSome,['Data/ByteString.hs']
illegalBufferSize,"['Data/ByteString.hs', 'Data/ByteString/Lazy.hs']"
hGetContents,"['Data/ByteString.hs', 'Data/ByteString/Lazy.hs']"
hGetContentsSizeHint,['Data/ByteString.hs']
getContents,"['Data/ByteString.hs', 'Data/ByteString/Lazy.hs']"
interact,"['Data/ByteString.hs', 'Data/ByteString/Lazy.hs']"
readFile,"['Data/ByteString.hs', 'Data/ByteString/Lazy.hs']"
modifyFile,"['Data/ByteString.hs', 'Data/ByteString/Builder.hs', 'Data/ByteString/Lazy.hs']"
writeFile,"['Data/ByteString.hs', 'Data/ByteString/Builder.hs', 'Data/ByteString/Lazy.hs']"
appendFile,"['Data/ByteString.hs', 'Data/ByteString/Lazy.hs']"
errorEmptyList,"['Data/ByteString.hs', 'Data/ByteString/Lazy.hs']"
moduleError,"['Data/ByteString.hs', 'Data/ByteString/Lazy.hs', 'Data/ByteString/Short/Internal.hs']"
moduleErrorIO,"['Data/ByteString.hs', 'Data/ByteString/Short/Internal.hs']"
moduleErrorMsg,"['Data/ByteString.hs', 'Data/ByteString/Short/Internal.hs']"
findFromEndUntil,"['Data/ByteString.hs', 'Data/ByteString/Short/Internal.hs']"
fst3,['Data/LiquidPtr.hs']
snd3,['Data/LiquidPtr.hs']
myMin,['Data/LiquidPtr.hs']
myMax,['Data/LiquidPtr.hs']
newForeignPtr_,['Data/LiquidPtr.hs']
withForeignPtr,['Data/LiquidPtr.hs']
peekByteOff,['Data/LiquidPtr.hs']
peekElemOff,['Data/LiquidPtr.hs']
pokeByteOff,['Data/LiquidPtr.hs']
pokeElemOff,['Data/LiquidPtr.hs']
peek,['Data/LiquidPtr.hs']
poke,"['Data/LiquidPtr.hs', 'Data/ByteString/Builder/RealFloat/Internal.hs']"
nullPtr,['Data/LiquidPtr.hs']
castPtr,['Data/LiquidPtr.hs']
plusPtr,['Data/LiquidPtr.hs']
minusPtr,['Data/LiquidPtr.hs']
mkPtr,['Data/LiquidPtr.hs']
plusForeignPtr,"['Data/LiquidPtr.hs', 'Data/ByteString/Internal/Type.hs']"
allocaBytes,['Data/LiquidPtr.hs']
unsafeForeignPtrToPtr,['Data/LiquidPtr.hs']
unsafeError,['Data/LiquidPtr.hs']
unsafeHead,['Data/ByteString/Unsafe.hs']
unsafeTail,['Data/ByteString/Unsafe.hs']
unsafeInit,['Data/ByteString/Unsafe.hs']
unsafeLast,['Data/ByteString/Unsafe.hs']
unsafeIndex,"['Data/ByteString/Unsafe.hs', 'Data/ByteString/Short/Internal.hs']"
unsafeTake,['Data/ByteString/Unsafe.hs']
unsafeDrop,['Data/ByteString/Unsafe.hs']
unsafePackAddressLen,['Data/ByteString/Unsafe.hs']
unsafePackCStringFinalizer,['Data/ByteString/Unsafe.hs']
unsafeFinalize,['Data/ByteString/Unsafe.hs']
unsafePackCString,['Data/ByteString/Unsafe.hs']
unsafePackCStringLen,['Data/ByteString/Unsafe.hs']
unsafePackMallocCString,['Data/ByteString/Unsafe.hs']
unsafePackMallocCStringLen,['Data/ByteString/Unsafe.hs']
unsafeUseAsCString,['Data/ByteString/Unsafe.hs']
unsafeUseAsCStringLen,['Data/ByteString/Unsafe.hs']
breakChar,"['Data/ByteString/Char8.hs', 'Data/ByteString/Lazy/Char8.hs']"
tokens,['Data/ByteString/Char8.hs']
filterChar,"['Data/ByteString/Char8.hs', 'Data/ByteString/Char8.hs', 'Data/ByteString/Lazy/Char8.hs', 'Data/ByteString/Lazy/Char8.hs']"
filterNotChar,"['Data/ByteString/Char8.hs', 'Data/ByteString/Lazy/Char8.hs']"
breakSpace,['Data/ByteString/Char8.hs']
firstspace,['Data/ByteString/Char8.hs']
dropSpace,['Data/ByteString/Char8.hs']
firstnonspace,['Data/ByteString/Char8.hs']
strip,['Data/ByteString/Char8.hs']
dropSpaceEnd,['Data/ByteString/Char8.hs']
lastnonspace,['Data/ByteString/Char8.hs']
lines,"['Data/ByteString/Char8.hs', 'Data/ByteString/Lazy/Char8.hs']"
unlines,"['Data/ByteString/Char8.hs', 'Data/ByteString/Lazy/Char8.hs']"
words,"['Data/ByteString/Char8.hs', 'Data/ByteString/Lazy/Char8.hs']"
unwords,"['Data/ByteString/Char8.hs', 'Data/ByteString/Lazy/Char8.hs']"
hPutStrLn,"['Data/ByteString/Char8.hs', 'Data/ByteString/Lazy/Char8.hs']"
putStrLn,"['Data/ByteString/Char8.hs', 'Data/ByteString/Lazy/Char8.hs']"
encodeUtf8CSV,['Data/ByteString/Builder.hs']
renderTable,['Data/ByteString/Builder.hs']
renderRow,['Data/ByteString/Builder.hs']
renderCell,"['Data/ByteString/Builder.hs', 'Data/ByteString/Builder/Prim.hs']"
renderString,"['Data/ByteString/Builder.hs', 'Data/ByteString/Builder/Prim.hs', 'Data/ByteString/Builder/Prim.hs']"
strings,['Data/ByteString/Builder.hs']
table,['Data/ByteString/Builder.hs']
>maxiTable,['Data/ByteString/Builder.hs']
>main,['Data/ByteString/Builder.hs']
>renderRow,['Data/ByteString/Builder.hs']
>renderString,['Data/ByteString/Builder.hs']
toLazyByteString,['Data/ByteString/Builder.hs']
hPutBuilder,['Data/ByteString/Builder.hs']
int8,"['Data/ByteString/Builder.hs', 'Data/ByteString/Builder/Prim/Binary.hs']"
word8,"['Data/ByteString/Builder.hs', 'Data/ByteString/Builder/Prim/Binary.hs']"
int16LE,"['Data/ByteString/Builder.hs', 'Data/ByteString/Builder/Prim/Binary.hs']"
int32LE,"['Data/ByteString/Builder.hs', 'Data/ByteString/Builder/Prim/Binary.hs']"
int64LE,"['Data/ByteString/Builder.hs', 'Data/ByteString/Builder/Prim/Binary.hs']"
word16LE,"['Data/ByteString/Builder.hs', 'Data/ByteString/Builder/Prim/Binary.hs']"
word32LE,"['Data/ByteString/Builder.hs', 'Data/ByteString/Builder/Prim/Binary.hs']"
word64LE,"['Data/ByteString/Builder.hs', 'Data/ByteString/Builder/Prim/Binary.hs']"
floatLE,"['Data/ByteString/Builder.hs', 'Data/ByteString/Builder/Prim/Binary.hs']"
doubleLE,"['Data/ByteString/Builder.hs', 'Data/ByteString/Builder/Prim/Binary.hs']"
int16BE,"['Data/ByteString/Builder.hs', 'Data/ByteString/Builder/Prim/Binary.hs']"
int32BE,"['Data/ByteString/Builder.hs', 'Data/ByteString/Builder/Prim/Binary.hs']"
int64BE,"['Data/ByteString/Builder.hs', 'Data/ByteString/Builder/Prim/Binary.hs']"
word16BE,"['Data/ByteString/Builder.hs', 'Data/ByteString/Builder/Prim/Binary.hs']"
word32BE,"['Data/ByteString/Builder.hs', 'Data/ByteString/Builder/Prim/Binary.hs']"
word64BE,"['Data/ByteString/Builder.hs', 'Data/ByteString/Builder/Prim/Binary.hs']"
floatBE,"['Data/ByteString/Builder.hs', 'Data/ByteString/Builder/Prim/Binary.hs']"
doubleBE,"['Data/ByteString/Builder.hs', 'Data/ByteString/Builder/Prim/Binary.hs']"
char7,"['Data/ByteString/Builder.hs', 'Data/ByteString/Builder/RealFloat.hs', 'Data/ByteString/Builder/Prim/ASCII.hs']"
string7,"['Data/ByteString/Builder.hs', 'Data/ByteString/Builder/RealFloat.hs']"
char8,"['Data/ByteString/Builder.hs', 'Data/ByteString/Builder/Prim.hs']"
string8,['Data/ByteString/Builder.hs']
charUtf8,"['Data/ByteString/Builder.hs', 'Data/ByteString/Builder/Prim.hs']"
stringUtf8,['Data/ByteString/Builder.hs']
empty,"['Data/ByteString/Lazy.hs', 'Data/ByteString/Short/Internal.hs', 'Data/ByteString/Internal/Type.hs', 'Data/ByteString/Builder/Internal.hs']"
fromChunks,['Data/ByteString/Lazy.hs']
toChunks,['Data/ByteString/Lazy.hs']
packWith,['Data/ByteString/Lazy.hs']
unpackWith,['Data/ByteString/Lazy.hs']
cons',"['Data/ByteString/Lazy.hs', 'Data/ByteString/Lazy/Char8.hs']"
compareLength,['Data/ByteString/Lazy.hs']
iterate,"['Data/ByteString/Lazy.hs', 'Data/ByteString/Lazy/Char8.hs']"
repeat,"['Data/ByteString/Lazy.hs', 'Data/ByteString/Lazy/Char8.hs']"
cycle,['Data/ByteString/Lazy.hs']
splitAtEndFold,['Data/ByteString/Lazy.hs']
splitAtEndFoldInvariantFailed,['Data/ByteString/Lazy.hs']
filterNotByte,['Data/ByteString/Lazy.hs']
hGetContentsN,['Data/ByteString/Lazy.hs']
hGetN,['Data/ByteString/Lazy.hs']
hGetNonBlockingN,['Data/ByteString/Lazy.hs']
revNonEmptyChunks,['Data/ByteString/Lazy.hs']
revChunks,['Data/ByteString/Lazy.hs']
intToInt64,['Data/ByteString/Lazy.hs']
indexError,['Data/ByteString/Short/Internal.hs']
asBA,['Data/ByteString/Short/Internal.hs']
unSBS,['Data/ByteString/Short/Internal.hs']
create,"['Data/ByteString/Short/Internal.hs', 'Data/ByteString/Internal/Type.hs']"
createAndTrim,"['Data/ByteString/Short/Internal.hs', 'Data/ByteString/Internal/Type.hs']"
createAndTrim',"['Data/ByteString/Short/Internal.hs', 'Data/ByteString/Internal/Type.hs']"
createAndTrim2,['Data/ByteString/Short/Internal.hs']
isPinned,['Data/ByteString/Short/Internal.hs']
toShort,['Data/ByteString/Short/Internal.hs']
toShortIO,['Data/ByteString/Short/Internal.hs']
fromShort,['Data/ByteString/Short/Internal.hs']
packChars,"['Data/ByteString/Short/Internal.hs', 'Data/ByteString/Internal/Type.hs', 'Data/ByteString/Lazy/Internal.hs']"
packBytes,"['Data/ByteString/Short/Internal.hs', 'Data/ByteString/Internal/Type.hs', 'Data/ByteString/Lazy/Internal.hs']"
packLenBytes,['Data/ByteString/Short/Internal.hs']
unpackChars,"['Data/ByteString/Short/Internal.hs', 'Data/ByteString/Internal/Type.hs', 'Data/ByteString/Lazy/Internal.hs']"
unpackBytes,"['Data/ByteString/Short/Internal.hs', 'Data/ByteString/Internal/Type.hs', 'Data/ByteString/Lazy/Internal.hs']"
unpackAppendCharsLazy,"['Data/ByteString/Short/Internal.hs', 'Data/ByteString/Internal/Type.hs']"
unpackAppendBytesLazy,"['Data/ByteString/Short/Internal.hs', 'Data/ByteString/Internal/Type.hs']"
unpackAppendCharsStrict,"['Data/ByteString/Short/Internal.hs', 'Data/ByteString/Internal/Type.hs']"
unpackAppendBytesStrict,"['Data/ByteString/Short/Internal.hs', 'Data/ByteString/Internal/Type.hs']"
compareBytes,"['Data/ByteString/Short/Internal.hs', 'Data/ByteString/Internal/Type.hs']"
copyToPtr,['Data/ByteString/Short/Internal.hs']
createFromPtr,['Data/ByteString/Short/Internal.hs']
indexCharArray,['Data/ByteString/Short/Internal.hs']
indexWord8Array,['Data/ByteString/Short/Internal.hs']
indexWord8ArrayAsWord64,['Data/ByteString/Short/Internal.hs']
newByteArray,['Data/ByteString/Short/Internal.hs']
unsafeFreezeByteArray,['Data/ByteString/Short/Internal.hs']
writeWord8Array,['Data/ByteString/Short/Internal.hs']
writeWord64Array,['Data/ByteString/Short/Internal.hs']
copyAddrToByteArray,['Data/ByteString/Short/Internal.hs']
copyByteArrayToAddr,['Data/ByteString/Short/Internal.hs']
copyByteArray,['Data/ByteString/Short/Internal.hs']
setByteArray,['Data/ByteString/Short/Internal.hs']
copyMutableByteArray,['Data/ByteString/Short/Internal.hs']
compareByteArrays,['Data/ByteString/Short/Internal.hs']
compareByteArraysOff,['Data/ByteString/Short/Internal.hs']
copyAddrToByteArray#,['Data/ByteString/Short/Internal.hs']
copyByteArrayToAddr#,['Data/ByteString/Short/Internal.hs']
copyByteArray#,['Data/ByteString/Short/Internal.hs']
findIndexOrLength,"['Data/ByteString/Short/Internal.hs', 'Data/ByteString/Internal/Type.hs']"
packBytesRev,['Data/ByteString/Short/Internal.hs']
packLenBytesRev,['Data/ByteString/Short/Internal.hs']
errorEmptySBS,['Data/ByteString/Short/Internal.hs']
unsafeWithForeignPtr,['Data/ByteString/Internal/Type.hs']
minusForeignPtr,['Data/ByteString/Internal/Type.hs']
peekFp,['Data/ByteString/Internal/Type.hs']
pokeFp,['Data/ByteString/Internal/Type.hs']
peekFpByteOff,['Data/ByteString/Internal/Type.hs']
pokeFpByteOff,['Data/ByteString/Internal/Type.hs']
deferForeignPtrAvailability,['Data/ByteString/Internal/Type.hs']
mkDeferredByteString,['Data/ByteString/Internal/Type.hs']
unsafeDupablePerformIO,['Data/ByteString/Internal/Type.hs']
packConstr,"['Data/ByteString/Internal/Type.hs', 'Data/ByteString/Lazy/Internal.hs']"
byteStringDataType,"['Data/ByteString/Internal/Type.hs', 'Data/ByteString/Lazy/Internal.hs']"
unsafePackLenBytes,['Data/ByteString/Internal/Type.hs']
unsafePackLenChars,['Data/ByteString/Internal/Type.hs']
unsafePackAddress,['Data/ByteString/Internal/Type.hs']
unsafePackLenAddress,['Data/ByteString/Internal/Type.hs']
unsafePackLiteral,['Data/ByteString/Internal/Type.hs']
unsafePackLenLiteral,['Data/ByteString/Internal/Type.hs']
packUptoLenBytes,['Data/ByteString/Internal/Type.hs']
packUptoLenChars,['Data/ByteString/Internal/Type.hs']
nullForeignPtr,['Data/ByteString/Internal/Type.hs']
fromForeignPtr,['Data/ByteString/Internal/Type.hs']
fromForeignPtr0,['Data/ByteString/Internal/Type.hs']
toForeignPtr,['Data/ByteString/Internal/Type.hs']
toForeignPtr0,['Data/ByteString/Internal/Type.hs']
unsafeCreateFp,['Data/ByteString/Internal/Type.hs']
unsafeCreateFpUptoN,['Data/ByteString/Internal/Type.hs']
unsafeCreateFpUptoN',['Data/ByteString/Internal/Type.hs']
createFp,['Data/ByteString/Internal/Type.hs']
createFpUptoN,['Data/ByteString/Internal/Type.hs']
createFpUptoN',['Data/ByteString/Internal/Type.hs']
createFpAndTrim,['Data/ByteString/Internal/Type.hs']
createFpAndTrim',['Data/ByteString/Internal/Type.hs']
wrapAction,['Data/ByteString/Internal/Type.hs']
unsafeCreate,['Data/ByteString/Internal/Type.hs']
unsafeCreateUptoN,['Data/ByteString/Internal/Type.hs']
unsafeCreateUptoN',['Data/ByteString/Internal/Type.hs']
createUptoN,['Data/ByteString/Internal/Type.hs']
createUptoN',['Data/ByteString/Internal/Type.hs']
mallocByteString,['Data/ByteString/Internal/Type.hs']
eq,"['Data/ByteString/Internal/Type.hs', 'Data/ByteString/Lazy/Internal.hs']"
stimesPolymorphic,['Data/ByteString/Internal/Type.hs']
stimesNegativeErr,"['Data/ByteString/Internal/Type.hs', 'Data/ByteString/Builder/Internal.hs']"
stimesOverflowErr,['Data/ByteString/Internal/Type.hs']
stimesNonNegativeInt,['Data/ByteString/Internal/Type.hs']
w2c,['Data/ByteString/Internal/Type.hs']
c2w,['Data/ByteString/Internal/Type.hs']
isSpaceWord8,['Data/ByteString/Internal/Type.hs']
isSpaceChar8,['Data/ByteString/Internal/Type.hs']
overflowError,['Data/ByteString/Internal/Type.hs']
checkedAdd,['Data/ByteString/Internal/Type.hs']
checkedMultiply,['Data/ByteString/Internal/Type.hs']
checkedIntegerToInt,['Data/ByteString/Internal/Type.hs']
accursedUnutterablePerformIO,['Data/ByteString/Internal/Type.hs']
memchr,"['Data/ByteString/Internal/Type.hs', 'Data/ByteString/Internal/Pure.hs']"
memcmp,"['Data/ByteString/Internal/Type.hs', 'Data/ByteString/Internal/Pure.hs']"
memset,['Data/ByteString/Internal/Type.hs']
c_strlen,['Data/ByteString/Internal/Type.hs']
memcpyFp,['Data/ByteString/Internal/Type.hs']
c_free_finalizer,['Data/ByteString/Internal/Type.hs']
c_reverse,"['Data/ByteString/Internal/Type.hs', 'Data/ByteString/Internal/Type.hs']"
c_intersperse,"['Data/ByteString/Internal/Type.hs', 'Data/ByteString/Internal/Type.hs']"
c_maximum,"['Data/ByteString/Internal/Type.hs', 'Data/ByteString/Internal/Type.hs']"
c_minimum,"['Data/ByteString/Internal/Type.hs', 'Data/ByteString/Internal/Type.hs']"
c_count,"['Data/ByteString/Internal/Type.hs', 'Data/ByteString/Internal/Type.hs']"
c_count_ba,"['Data/ByteString/Internal/Type.hs', 'Data/ByteString/Internal/Type.hs']"
c_sort,"['Data/ByteString/Internal/Type.hs', 'Data/ByteString/Internal/Type.hs']"
c_elem_index,"['Data/ByteString/Internal/Type.hs', 'Data/ByteString/Internal/Type.hs']"
c_uint_dec,"['Data/ByteString/Internal/Type.hs', 'Data/ByteString/Internal/Type.hs']"
c_long_long_uint_dec,"['Data/ByteString/Internal/Type.hs', 'Data/ByteString/Internal/Type.hs']"
c_int_dec,"['Data/ByteString/Internal/Type.hs', 'Data/ByteString/Internal/Type.hs']"
c_long_long_int_dec,"['Data/ByteString/Internal/Type.hs', 'Data/ByteString/Internal/Type.hs']"
c_uint_hex,"['Data/ByteString/Internal/Type.hs', 'Data/ByteString/Internal/Type.hs']"
c_long_long_uint_hex,"['Data/ByteString/Internal/Type.hs', 'Data/ByteString/Internal/Type.hs']"
c_int_dec_padded9,"['Data/ByteString/Internal/Type.hs', 'Data/ByteString/Internal/Type.hs']"
c_long_long_int_dec_padded18,"['Data/ByteString/Internal/Type.hs', 'Data/ByteString/Internal/Type.hs']"
cIsValidUtf8,"['Data/ByteString/Internal/Type.hs', 'Data/ByteString/Internal/Type.hs']"
cIsValidUtf8BA,"['Data/ByteString/Internal/Type.hs', 'Data/ByteString/Internal/Type.hs']"
cIsValidUtf8BASafe,"['Data/ByteString/Internal/Type.hs', 'Data/ByteString/Internal/Type.hs']"
cIsValidUtf8Safe,"['Data/ByteString/Internal/Type.hs', 'Data/ByteString/Internal/Type.hs']"
bool_to_cint,['Data/ByteString/Internal/Type.hs']
checkedCast,['Data/ByteString/Internal/Type.hs']
strlen,['Data/ByteString/Internal/Pure.hs']
memcmp1,['Data/ByteString/Internal/Pure.hs']
countOccBA,['Data/ByteString/Internal/Pure.hs']
countOcc,['Data/ByteString/Internal/Pure.hs']
reverseBytes,['Data/ByteString/Internal/Pure.hs']
reverse_bytes,['Data/ByteString/Internal/Pure.hs']
findMaximum,['Data/ByteString/Internal/Pure.hs']
find_maximum,['Data/ByteString/Internal/Pure.hs']
findMinimum,['Data/ByteString/Internal/Pure.hs']
find_minimum,['Data/ByteString/Internal/Pure.hs']
quickSort,['Data/ByteString/Internal/Pure.hs']
quick_sort,['Data/ByteString/Internal/Pure.hs']
isValidUtf8BA,['Data/ByteString/Internal/Pure.hs']
isValidUtf8',['Data/ByteString/Internal/Pure.hs']
getDigit,['Data/ByteString/Internal/Pure.hs']
putDigit,['Data/ByteString/Internal/Pure.hs']
reverseBytesInplace,['Data/ByteString/Internal/Pure.hs']
encodeSignedDec,['Data/ByteString/Internal/Pure.hs']
encodeUnsignedDec,['Data/ByteString/Internal/Pure.hs']
encodeUnsignedDec',['Data/ByteString/Internal/Pure.hs']
encodeUnsignedDecPadded,['Data/ByteString/Internal/Pure.hs']
encodeUnsignedHex,['Data/ByteString/Internal/Pure.hs']
encodeUnsignedHex',['Data/ByteString/Internal/Pure.hs']
lower_hex_table,['Data/ByteString/Internal/Pure.hs']
digit_pairs_table,['Data/ByteString/Internal/Pure.hs']
hostByteOrder,['Data/ByteString/Utils/ByteOrder.hs']
whenLittleEndian,['Data/ByteString/Utils/ByteOrder.hs']
whenBigEndian,['Data/ByteString/Utils/ByteOrder.hs']
unalignedWriteU16,"['Data/ByteString/Utils/UnalignedAccess.hs', 'Data/ByteString/Utils/UnalignedAccess.hs', 'Data/ByteString/Utils/UnalignedAccess.hs']"
unalignedWriteU32,"['Data/ByteString/Utils/UnalignedAccess.hs', 'Data/ByteString/Utils/UnalignedAccess.hs', 'Data/ByteString/Utils/UnalignedAccess.hs']"
unalignedWriteU64,"['Data/ByteString/Utils/UnalignedAccess.hs', 'Data/ByteString/Utils/UnalignedAccess.hs', 'Data/ByteString/Utils/UnalignedAccess.hs']"
unalignedWriteFloat,"['Data/ByteString/Utils/UnalignedAccess.hs', 'Data/ByteString/Utils/UnalignedAccess.hs', 'Data/ByteString/Utils/UnalignedAccess.hs']"
unalignedWriteDouble,"['Data/ByteString/Utils/UnalignedAccess.hs', 'Data/ByteString/Utils/UnalignedAccess.hs', 'Data/ByteString/Utils/UnalignedAccess.hs']"
unalignedReadU64,"['Data/ByteString/Utils/UnalignedAccess.hs', 'Data/ByteString/Utils/UnalignedAccess.hs', 'Data/ByteString/Utils/UnalignedAccess.hs']"
readInteger,['Data/ByteString/Lazy/ReadNat.hs']
readNatural,['Data/ByteString/Lazy/ReadNat.hs']
_readDecimal,"['Data/ByteString/Lazy/ReadNat.hs', 'Data/ByteString/Lazy/ReadInt.hs']"
natdigits,['Data/ByteString/Lazy/ReadNat.hs']
safeLog,['Data/ByteString/Lazy/ReadNat.hs']
safeBase,['Data/ByteString/Lazy/ReadNat.hs']
fromDigit,"['Data/ByteString/Lazy/ReadNat.hs', 'Data/ByteString/Lazy/ReadInt.hs']"
wordToNatural,['Data/ByteString/Lazy/ReadNat.hs']
spanChar,['Data/ByteString/Lazy/Char8.hs']
readInt,['Data/ByteString/Lazy/ReadInt.hs']
readInt32,['Data/ByteString/Lazy/ReadInt.hs']
readInt16,['Data/ByteString/Lazy/ReadInt.hs']
readInt8,['Data/ByteString/Lazy/ReadInt.hs']
readWord,['Data/ByteString/Lazy/ReadInt.hs']
readWord32,['Data/ByteString/Lazy/ReadInt.hs']
readWord16,['Data/ByteString/Lazy/ReadInt.hs']
readWord8,['Data/ByteString/Lazy/ReadInt.hs']
readInt64,['Data/ByteString/Lazy/ReadInt.hs']
readWord64,['Data/ByteString/Lazy/ReadInt.hs']
_read,['Data/ByteString/Lazy/ReadInt.hs']
_digits,['Data/ByteString/Lazy/ReadInt.hs']
invariant,['Data/ByteString/Lazy/Internal.hs']
checkInvariant,['Data/ByteString/Lazy/Internal.hs']
chunk,['Data/ByteString/Lazy/Internal.hs']
foldrChunks,['Data/ByteString/Lazy/Internal.hs']
foldlChunks,['Data/ByteString/Lazy/Internal.hs']
defaultChunkSize,['Data/ByteString/Lazy/Internal.hs']
smallChunkSize,['Data/ByteString/Lazy/Internal.hs']
chunkOverhead,['Data/ByteString/Lazy/Internal.hs']
cmp,['Data/ByteString/Lazy/Internal.hs']
times,['Data/ByteString/Lazy/Internal.hs']
fromStrict,['Data/ByteString/Lazy/Internal.hs']
toStrict,['Data/ByteString/Lazy/Internal.hs']
floatDec,['Data/ByteString/Builder/RealFloat.hs']
doubleDec,['Data/ByteString/Builder/RealFloat.hs']
standard,['Data/ByteString/Builder/RealFloat.hs']
standardDefaultPrecision,['Data/ByteString/Builder/RealFloat.hs']
scientific,['Data/ByteString/Builder/RealFloat.hs']
generic,['Data/ByteString/Builder/RealFloat.hs']
formatFloat,['Data/ByteString/Builder/RealFloat.hs']
formatDouble,['Data/ByteString/Builder/RealFloat.hs']
sign,['Data/ByteString/Builder/RealFloat.hs']
specialStr,['Data/ByteString/Builder/RealFloat.hs']
digits,['Data/ByteString/Builder/RealFloat.hs']
showStandard,['Data/ByteString/Builder/RealFloat.hs']
bufferSize,['Data/ByteString/Builder/Internal.hs']
newBuffer,['Data/ByteString/Builder/Internal.hs']
byteStringFromBuffer,['Data/ByteString/Builder/Internal.hs']
trimmedChunkFromBuffer,['Data/ByteString/Builder/Internal.hs']
yield1,['Data/ByteString/Builder/Internal.hs']
ciosUnitToLazyByteString,['Data/ByteString/Builder/Internal.hs']
ciosToLazyByteString,['Data/ByteString/Builder/Internal.hs']
done,['Data/ByteString/Builder/Internal.hs']
bufferFull,['Data/ByteString/Builder/Internal.hs']
insertChunk,['Data/ByteString/Builder/Internal.hs']
fillWithBuildStep,['Data/ByteString/Builder/Internal.hs']
builder,['Data/ByteString/Builder/Internal.hs']
finalBuildStep,['Data/ByteString/Builder/Internal.hs']
runBuilder,"['Data/ByteString/Builder/Internal.hs', 'Data/ByteString/Builder/Extra.hs']"
runBuilderWith,['Data/ByteString/Builder/Internal.hs']
stimesBuilder,['Data/ByteString/Builder/Internal.hs']
flush,['Data/ByteString/Builder/Internal.hs']
put,['Data/ByteString/Builder/Internal.hs']
runPut,['Data/ByteString/Builder/Internal.hs']
ap_l,['Data/ByteString/Builder/Internal.hs']
ap_r,['Data/ByteString/Builder/Internal.hs']
putBuilder,['Data/ByteString/Builder/Internal.hs']
fromPut,['Data/ByteString/Builder/Internal.hs']
putLiftIO,['Data/ByteString/Builder/Internal.hs']
putToLazyByteString,['Data/ByteString/Builder/Internal.hs']
putToLazyByteStringWith,['Data/ByteString/Builder/Internal.hs']
ensureFree,['Data/ByteString/Builder/Internal.hs']
wrappedBytesCopyStep,['Data/ByteString/Builder/Internal.hs']
byteStringThreshold,['Data/ByteString/Builder/Internal.hs']
byteStringCopy,['Data/ByteString/Builder/Internal.hs']
byteStringCopyStep,['Data/ByteString/Builder/Internal.hs']
byteStringInsert,['Data/ByteString/Builder/Internal.hs']
shortByteString,['Data/ByteString/Builder/Internal.hs']
shortByteStringCopyStep,['Data/ByteString/Builder/Internal.hs']
lazyByteStringThreshold,['Data/ByteString/Builder/Internal.hs']
lazyByteStringCopy,['Data/ByteString/Builder/Internal.hs']
lazyByteStringInsert,['Data/ByteString/Builder/Internal.hs']
byteString,['Data/ByteString/Builder/Internal.hs']
lazyByteString,['Data/ByteString/Builder/Internal.hs']
maximalCopySize,['Data/ByteString/Builder/Internal.hs']
customStrategy,['Data/ByteString/Builder/Internal.hs']
sanitize,['Data/ByteString/Builder/Internal.hs']
untrimmedStrategy,['Data/ByteString/Builder/Internal.hs']
safeStrategy,['Data/ByteString/Builder/Internal.hs']
toLazyByteStringWith,['Data/ByteString/Builder/Internal.hs']
buildStepToCIOS,['Data/ByteString/Builder/Internal.hs']
intHost,"['Data/ByteString/Builder/Extra.hs', 'Data/ByteString/Builder/Prim/Binary.hs']"
int16Host,"['Data/ByteString/Builder/Extra.hs', 'Data/ByteString/Builder/Prim/Binary.hs']"
int32Host,"['Data/ByteString/Builder/Extra.hs', 'Data/ByteString/Builder/Prim/Binary.hs']"
int64Host,"['Data/ByteString/Builder/Extra.hs', 'Data/ByteString/Builder/Prim/Binary.hs']"
wordHost,"['Data/ByteString/Builder/Extra.hs', 'Data/ByteString/Builder/Prim/Binary.hs']"
word16Host,"['Data/ByteString/Builder/Extra.hs', 'Data/ByteString/Builder/Prim/Binary.hs']"
word32Host,"['Data/ByteString/Builder/Extra.hs', 'Data/ByteString/Builder/Prim/Binary.hs']"
word64Host,"['Data/ByteString/Builder/Extra.hs', 'Data/ByteString/Builder/Prim/Binary.hs']"
floatHost,"['Data/ByteString/Builder/Extra.hs', 'Data/ByteString/Builder/Prim/Binary.hs']"
doubleHost,"['Data/ByteString/Builder/Extra.hs', 'Data/ByteString/Builder/Prim/Binary.hs']"
int8Dec,"['Data/ByteString/Builder/ASCII.hs', 'Data/ByteString/Builder/Prim/ASCII.hs']"
int16Dec,"['Data/ByteString/Builder/ASCII.hs', 'Data/ByteString/Builder/Prim/ASCII.hs']"
int32Dec,"['Data/ByteString/Builder/ASCII.hs', 'Data/ByteString/Builder/Prim/ASCII.hs']"
int64Dec,"['Data/ByteString/Builder/ASCII.hs', 'Data/ByteString/Builder/Prim/ASCII.hs']"
intDec,"['Data/ByteString/Builder/ASCII.hs', 'Data/ByteString/Builder/Prim/ASCII.hs']"
word8Dec,"['Data/ByteString/Builder/ASCII.hs', 'Data/ByteString/Builder/Prim/ASCII.hs']"
word16Dec,"['Data/ByteString/Builder/ASCII.hs', 'Data/ByteString/Builder/Prim/ASCII.hs']"
word32Dec,"['Data/ByteString/Builder/ASCII.hs', 'Data/ByteString/Builder/Prim/ASCII.hs']"
word64Dec,"['Data/ByteString/Builder/ASCII.hs', 'Data/ByteString/Builder/Prim/ASCII.hs']"
wordDec,"['Data/ByteString/Builder/ASCII.hs', 'Data/ByteString/Builder/Prim/ASCII.hs']"
word8Hex,"['Data/ByteString/Builder/ASCII.hs', 'Data/ByteString/Builder/Prim/ASCII.hs']"
word16Hex,"['Data/ByteString/Builder/ASCII.hs', 'Data/ByteString/Builder/Prim/ASCII.hs']"
word32Hex,"['Data/ByteString/Builder/ASCII.hs', 'Data/ByteString/Builder/Prim/ASCII.hs']"
word64Hex,"['Data/ByteString/Builder/ASCII.hs', 'Data/ByteString/Builder/Prim/ASCII.hs']"
wordHex,"['Data/ByteString/Builder/ASCII.hs', 'Data/ByteString/Builder/Prim/ASCII.hs']"
int8HexFixed,"['Data/ByteString/Builder/ASCII.hs', 'Data/ByteString/Builder/Prim/ASCII.hs']"
int16HexFixed,"['Data/ByteString/Builder/ASCII.hs', 'Data/ByteString/Builder/Prim/ASCII.hs']"
int32HexFixed,"['Data/ByteString/Builder/ASCII.hs', 'Data/ByteString/Builder/Prim/ASCII.hs']"
int64HexFixed,"['Data/ByteString/Builder/ASCII.hs', 'Data/ByteString/Builder/Prim/ASCII.hs']"
word8HexFixed,"['Data/ByteString/Builder/ASCII.hs', 'Data/ByteString/Builder/Prim/ASCII.hs']"
word16HexFixed,"['Data/ByteString/Builder/ASCII.hs', 'Data/ByteString/Builder/Prim/ASCII.hs']"
word32HexFixed,"['Data/ByteString/Builder/ASCII.hs', 'Data/ByteString/Builder/Prim/ASCII.hs']"
word64HexFixed,"['Data/ByteString/Builder/ASCII.hs', 'Data/ByteString/Builder/Prim/ASCII.hs']"
floatHexFixed,"['Data/ByteString/Builder/ASCII.hs', 'Data/ByteString/Builder/Prim/ASCII.hs']"
doubleHexFixed,"['Data/ByteString/Builder/ASCII.hs', 'Data/ByteString/Builder/Prim/ASCII.hs']"
byteStringHex,['Data/ByteString/Builder/ASCII.hs']
lazyByteStringHex,['Data/ByteString/Builder/ASCII.hs']
maxPow10,['Data/ByteString/Builder/ASCII.hs']
integerDec,['Data/ByteString/Builder/ASCII.hs']
intDecPadded,['Data/ByteString/Builder/ASCII.hs']
maxiStrings,['Data/ByteString/Builder/Prim.hs']
charUtf8HtmlEscaped,['Data/ByteString/Builder/Prim.hs']
primFixed,['Data/ByteString/Builder/Prim.hs']
primMapListFixed,['Data/ByteString/Builder/Prim.hs']
primUnfoldrFixed,['Data/ByteString/Builder/Prim.hs']
primMapByteStringFixed,['Data/ByteString/Builder/Prim.hs']
primMapLazyByteStringFixed,['Data/ByteString/Builder/Prim.hs']
primBounded,['Data/ByteString/Builder/Prim.hs']
primMapListBounded,['Data/ByteString/Builder/Prim.hs']
primUnfoldrBounded,['Data/ByteString/Builder/Prim.hs']
primMapByteStringBounded,['Data/ByteString/Builder/Prim.hs']
primMapLazyByteStringBounded,['Data/ByteString/Builder/Prim.hs']
cstring,['Data/ByteString/Builder/Prim.hs']
cstringUtf8,['Data/ByteString/Builder/Prim.hs']
encodeCharUtf8,['Data/ByteString/Builder/Prim.hs']
float_pow5_inv_bitcount,['Data/ByteString/Builder/RealFloat/TableGenerator.hs']
float_pow5_bitcount,['Data/ByteString/Builder/RealFloat/TableGenerator.hs']
double_pow5_bitcount,['Data/ByteString/Builder/RealFloat/TableGenerator.hs']
double_pow5_inv_bitcount,['Data/ByteString/Builder/RealFloat/TableGenerator.hs']
blen,['Data/ByteString/Builder/RealFloat/TableGenerator.hs']
finv,['Data/ByteString/Builder/RealFloat/TableGenerator.hs']
fnorm,['Data/ByteString/Builder/RealFloat/TableGenerator.hs']
splitWord128s,['Data/ByteString/Builder/RealFloat/TableGenerator.hs']
splitWord128,['Data/ByteString/Builder/RealFloat/TableGenerator.hs']
case64,['Data/ByteString/Builder/RealFloat/TableGenerator.hs']
case128,['Data/ByteString/Builder/RealFloat/TableGenerator.hs']
get_range,['Data/ByteString/Builder/RealFloat/TableGenerator.hs']
float_max_split,['Data/ByteString/Builder/RealFloat/TableGenerator.hs']
float_max_inv_split,['Data/ByteString/Builder/RealFloat/TableGenerator.hs']
double_max_split,['Data/ByteString/Builder/RealFloat/TableGenerator.hs']
double_max_inv_split,['Data/ByteString/Builder/RealFloat/TableGenerator.hs']
double_mantissa_bits,['Data/ByteString/Builder/RealFloat/D2S.hs']
double_exponent_bits,['Data/ByteString/Builder/RealFloat/D2S.hs']
double_bias,['Data/ByteString/Builder/RealFloat/D2S.hs']
d2dSmallInt,['Data/ByteString/Builder/RealFloat/D2S.hs']
unifySmallTrailing,['Data/ByteString/Builder/RealFloat/D2S.hs']
mulShift64,['Data/ByteString/Builder/RealFloat/D2S.hs']
get_double_pow5_inv_split,['Data/ByteString/Builder/RealFloat/D2S.hs']
get_double_pow5_split,['Data/ByteString/Builder/RealFloat/D2S.hs']
mulPow5DivPow2,"['Data/ByteString/Builder/RealFloat/D2S.hs', 'Data/ByteString/Builder/RealFloat/F2S.hs']"
mulPow5InvDivPow2,"['Data/ByteString/Builder/RealFloat/D2S.hs', 'Data/ByteString/Builder/RealFloat/F2S.hs']"
d2dGT,['Data/ByteString/Builder/RealFloat/D2S.hs']
d2dLT,['Data/ByteString/Builder/RealFloat/D2S.hs']
d2d,['Data/ByteString/Builder/RealFloat/D2S.hs']
breakdown,"['Data/ByteString/Builder/RealFloat/D2S.hs', 'Data/ByteString/Builder/RealFloat/F2S.hs']"
d2s',['Data/ByteString/Builder/RealFloat/D2S.hs']
d2s,['Data/ByteString/Builder/RealFloat/D2S.hs']
d2Intermediate,['Data/ByteString/Builder/RealFloat/D2S.hs']
float_mantissa_bits,['Data/ByteString/Builder/RealFloat/F2S.hs']
float_exponent_bits,['Data/ByteString/Builder/RealFloat/F2S.hs']
float_bias,['Data/ByteString/Builder/RealFloat/F2S.hs']
mulShift32,['Data/ByteString/Builder/RealFloat/F2S.hs']
get_float_pow5_inv_split,['Data/ByteString/Builder/RealFloat/F2S.hs']
get_float_pow5_split,['Data/ByteString/Builder/RealFloat/F2S.hs']
f2dGT,['Data/ByteString/Builder/RealFloat/F2S.hs']
f2dLT,['Data/ByteString/Builder/RealFloat/F2S.hs']
f2d,['Data/ByteString/Builder/RealFloat/F2S.hs']
f2s',['Data/ByteString/Builder/RealFloat/F2S.hs']
f2s,['Data/ByteString/Builder/RealFloat/F2S.hs']
f2Intermediate,['Data/ByteString/Builder/RealFloat/F2S.hs']
mask,['Data/ByteString/Builder/RealFloat/Internal.hs']
boolToWord32,['Data/ByteString/Builder/RealFloat/Internal.hs']
boolToWord64,['Data/ByteString/Builder/RealFloat/Internal.hs']
int32ToInt,['Data/ByteString/Builder/RealFloat/Internal.hs']
intToInt32,['Data/ByteString/Builder/RealFloat/Internal.hs']
word32ToInt,['Data/ByteString/Builder/RealFloat/Internal.hs']
word64ToInt,['Data/ByteString/Builder/RealFloat/Internal.hs']
word32ToWord64,['Data/ByteString/Builder/RealFloat/Internal.hs']
word64ToWord32,['Data/ByteString/Builder/RealFloat/Internal.hs']
decimalLength9,['Data/ByteString/Builder/RealFloat/Internal.hs']
decimalLength17,['Data/ByteString/Builder/RealFloat/Internal.hs']
maxEncodedLength,['Data/ByteString/Builder/RealFloat/Internal.hs']
pokeAll,['Data/ByteString/Builder/RealFloat/Internal.hs']
boundString,['Data/ByteString/Builder/RealFloat/Internal.hs']
toCharsNonNumbersAndZero,['Data/ByteString/Builder/RealFloat/Internal.hs']
acceptBounds,['Data/ByteString/Builder/RealFloat/Internal.hs']
pow5bitsUnboxed,['Data/ByteString/Builder/RealFloat/Internal.hs']
log10pow2Unboxed,['Data/ByteString/Builder/RealFloat/Internal.hs']
log10pow5Unboxed,['Data/ByteString/Builder/RealFloat/Internal.hs']
fquot10,['Data/ByteString/Builder/RealFloat/Internal.hs']
frem10,['Data/ByteString/Builder/RealFloat/Internal.hs']
fquotRem10,['Data/ByteString/Builder/RealFloat/Internal.hs']
fquot100,['Data/ByteString/Builder/RealFloat/Internal.hs']
fquotRem10000,['Data/ByteString/Builder/RealFloat/Internal.hs']
fquot5,['Data/ByteString/Builder/RealFloat/Internal.hs']
frem5,['Data/ByteString/Builder/RealFloat/Internal.hs']
dquot10,['Data/ByteString/Builder/RealFloat/Internal.hs']
dquot100,['Data/ByteString/Builder/RealFloat/Internal.hs']
dquotRem10000,['Data/ByteString/Builder/RealFloat/Internal.hs']
dquotRem10,['Data/ByteString/Builder/RealFloat/Internal.hs']
dquot5,['Data/ByteString/Builder/RealFloat/Internal.hs']
drem5,['Data/ByteString/Builder/RealFloat/Internal.hs']
dquotRem5,['Data/ByteString/Builder/RealFloat/Internal.hs']
wrapped,['Data/ByteString/Builder/RealFloat/Internal.hs']
packWord64,['Data/ByteString/Builder/RealFloat/Internal.hs']
unpackWord64,['Data/ByteString/Builder/RealFloat/Internal.hs']
plusWord64,['Data/ByteString/Builder/RealFloat/Internal.hs']
timesWord2,['Data/ByteString/Builder/RealFloat/Internal.hs']
pow5_factor,['Data/ByteString/Builder/RealFloat/Internal.hs']
multipleOfPowerOf5,['Data/ByteString/Builder/RealFloat/Internal.hs']
multipleOfPowerOf2,['Data/ByteString/Builder/RealFloat/Internal.hs']
trimTrailing,['Data/ByteString/Builder/RealFloat/Internal.hs']
trimNoTrailing,['Data/ByteString/Builder/RealFloat/Internal.hs']
closestCorrectlyRounded,['Data/ByteString/Builder/RealFloat/Internal.hs']
asciiRaw,['Data/ByteString/Builder/RealFloat/Internal.hs']
asciiZero,['Data/ByteString/Builder/RealFloat/Internal.hs']
asciiDot,['Data/ByteString/Builder/RealFloat/Internal.hs']
asciiMinus,['Data/ByteString/Builder/RealFloat/Internal.hs']
ascii_e,['Data/ByteString/Builder/RealFloat/Internal.hs']
toAscii,['Data/ByteString/Builder/RealFloat/Internal.hs']
getWord64At,['Data/ByteString/Builder/RealFloat/Internal.hs']
getWord128At,['Data/ByteString/Builder/RealFloat/Internal.hs']
packWord16,['Data/ByteString/Builder/RealFloat/Internal.hs']
unpackWord16,['Data/ByteString/Builder/RealFloat/Internal.hs']
digit_table,['Data/ByteString/Builder/RealFloat/Internal.hs']
unsafeAt,['Data/ByteString/Builder/RealFloat/Internal.hs']
copyWord16,['Data/ByteString/Builder/RealFloat/Internal.hs']
writeMantissa,['Data/ByteString/Builder/RealFloat/Internal.hs']
writeExponent,['Data/ByteString/Builder/RealFloat/Internal.hs']
writeSign,['Data/ByteString/Builder/RealFloat/Internal.hs']
toCharsScientific,['Data/ByteString/Builder/RealFloat/Internal.hs']
(>$<),['Data/ByteString/Builder/Prim/Internal.hs']
(>*<),['Data/ByteString/Builder/Prim/Internal.hs']
fixedPrim,['Data/ByteString/Builder/Prim/Internal.hs']
size,['Data/ByteString/Builder/Prim/Internal.hs']
runF,['Data/ByteString/Builder/Prim/Internal.hs']
emptyF,['Data/ByteString/Builder/Prim/Internal.hs']
pairF,['Data/ByteString/Builder/Prim/Internal.hs']
contramapF,['Data/ByteString/Builder/Prim/Internal.hs']
toB,['Data/ByteString/Builder/Prim/Internal.hs']
liftFixedToBounded,['Data/ByteString/Builder/Prim/Internal.hs']
storableToF,['Data/ByteString/Builder/Prim/Internal.hs']
liftIOF,['Data/ByteString/Builder/Prim/Internal.hs']
sizeBound,['Data/ByteString/Builder/Prim/Internal.hs']
boundedPrim,['Data/ByteString/Builder/Prim/Internal.hs']
runB,['Data/ByteString/Builder/Prim/Internal.hs']
contramapB,['Data/ByteString/Builder/Prim/Internal.hs']
emptyB,['Data/ByteString/Builder/Prim/Internal.hs']
pairB,['Data/ByteString/Builder/Prim/Internal.hs']
eitherB,['Data/ByteString/Builder/Prim/Internal.hs']
condB,['Data/ByteString/Builder/Prim/Internal.hs']
encodeIntDecimal,['Data/ByteString/Builder/Prim/ASCII.hs']
encodeWordDecimal,['Data/ByteString/Builder/Prim/ASCII.hs']
encodeWordHex,['Data/ByteString/Builder/Prim/ASCII.hs']
lowerTable,['Data/ByteString/Builder/Prim/Internal/Base16.hs']
c_lower_hex_table,['Data/ByteString/Builder/Prim/Internal/Base16.hs']
encode8_as_16h,['Data/ByteString/Builder/Prim/Internal/Base16.hs']
shiftr_w16,['Data/ByteString/Builder/Prim/Internal/UncheckedShifts.hs']
shiftr_w32,['Data/ByteString/Builder/Prim/Internal/UncheckedShifts.hs']
shiftr_w64,['Data/ByteString/Builder/Prim/Internal/UncheckedShifts.hs']
shiftr_w,['Data/ByteString/Builder/Prim/Internal/UncheckedShifts.hs']
caseWordSize_32_64,['Data/ByteString/Builder/Prim/Internal/UncheckedShifts.hs']
encodeFloatViaWord32F,['Data/ByteString/Builder/Prim/Internal/Floating.hs']
encodeDoubleViaWord64F,['Data/ByteString/Builder/Prim/Internal/Floating.hs']
