(>$<),['Data/ByteString/Builder/Prim/Internal.hs']
(>*<),['Data/ByteString/Builder/Prim/Internal.hs']
fixedPrim,['Data/ByteString/Builder/Prim/Internal.hs']
size,['Data/ByteString/Builder/Prim/Internal.hs']
runF,['Data/ByteString/Builder/Prim/Internal.hs']
emptyF,['Data/ByteString/Builder/Prim/Internal.hs']
pairF,['Data/ByteString/Builder/Prim/Internal.hs']
contramapF,['Data/ByteString/Builder/Prim/Internal.hs']
toB,['Data/ByteString/Builder/Prim/Internal.hs']
liftFixedToBounded,['Data/ByteString/Builder/Prim/Internal.hs']
storableToF,['Data/ByteString/Builder/Prim/Internal.hs']
liftIOF,['Data/ByteString/Builder/Prim/Internal.hs']
sizeBound,['Data/ByteString/Builder/Prim/Internal.hs']
boundedPrim,['Data/ByteString/Builder/Prim/Internal.hs']
runB,['Data/ByteString/Builder/Prim/Internal.hs']
contramapB,['Data/ByteString/Builder/Prim/Internal.hs']
emptyB,['Data/ByteString/Builder/Prim/Internal.hs']
pairB,['Data/ByteString/Builder/Prim/Internal.hs']
eitherB,['Data/ByteString/Builder/Prim/Internal.hs']
condB,['Data/ByteString/Builder/Prim/Internal.hs']
lowerTable,['Data/ByteString/Builder/Prim/Internal/Base16.hs']
c_lower_hex_table,['Data/ByteString/Builder/Prim/Internal/Base16.hs']
encode8_as_16h,['Data/ByteString/Builder/Prim/Internal/Base16.hs']
encodeFloatViaWord32F,['Data/ByteString/Builder/Prim/Internal/Floating.hs']
encodeDoubleViaWord64F,['Data/ByteString/Builder/Prim/Internal/Floating.hs']
shiftr_w16,['Data/ByteString/Builder/Prim/Internal/UncheckedShifts.hs']
shiftr_w32,['Data/ByteString/Builder/Prim/Internal/UncheckedShifts.hs']
shiftr_w64,['Data/ByteString/Builder/Prim/Internal/UncheckedShifts.hs']
shiftr_w,['Data/ByteString/Builder/Prim/Internal/UncheckedShifts.hs']
caseWordSize_32_64,['Data/ByteString/Builder/Prim/Internal/UncheckedShifts.hs']
word8,['Data/ByteString/Builder/Prim/Binary.hs']
word16BE,['Data/ByteString/Builder/Prim/Binary.hs']
word16LE,['Data/ByteString/Builder/Prim/Binary.hs']
word32BE,['Data/ByteString/Builder/Prim/Binary.hs']
word32LE,['Data/ByteString/Builder/Prim/Binary.hs']
word64BE,['Data/ByteString/Builder/Prim/Binary.hs']
word64LE,['Data/ByteString/Builder/Prim/Binary.hs']
wordHost,['Data/ByteString/Builder/Prim/Binary.hs']
word16Host,['Data/ByteString/Builder/Prim/Binary.hs']
word32Host,['Data/ByteString/Builder/Prim/Binary.hs']
word64Host,['Data/ByteString/Builder/Prim/Binary.hs']
int8,['Data/ByteString/Builder/Prim/Binary.hs']
int16BE,['Data/ByteString/Builder/Prim/Binary.hs']
int16LE,['Data/ByteString/Builder/Prim/Binary.hs']
int32BE,['Data/ByteString/Builder/Prim/Binary.hs']
int32LE,['Data/ByteString/Builder/Prim/Binary.hs']
int64BE,['Data/ByteString/Builder/Prim/Binary.hs']
int64LE,['Data/ByteString/Builder/Prim/Binary.hs']
intHost,['Data/ByteString/Builder/Prim/Binary.hs']
int16Host,['Data/ByteString/Builder/Prim/Binary.hs']
int32Host,['Data/ByteString/Builder/Prim/Binary.hs']
int64Host,['Data/ByteString/Builder/Prim/Binary.hs']
floatBE,['Data/ByteString/Builder/Prim/Binary.hs']
floatLE,['Data/ByteString/Builder/Prim/Binary.hs']
doubleBE,['Data/ByteString/Builder/Prim/Binary.hs']
doubleLE,['Data/ByteString/Builder/Prim/Binary.hs']
floatHost,['Data/ByteString/Builder/Prim/Binary.hs']
doubleHost,['Data/ByteString/Builder/Prim/Binary.hs']
float_pow5_inv_bitcount,['Data/ByteString/Builder/RealFloat/TableGenerator.hs']
float_pow5_bitcount,['Data/ByteString/Builder/RealFloat/TableGenerator.hs']
double_pow5_bitcount,['Data/ByteString/Builder/RealFloat/TableGenerator.hs']
double_pow5_inv_bitcount,['Data/ByteString/Builder/RealFloat/TableGenerator.hs']
blen,['Data/ByteString/Builder/RealFloat/TableGenerator.hs']
finv,['Data/ByteString/Builder/RealFloat/TableGenerator.hs']
fnorm,['Data/ByteString/Builder/RealFloat/TableGenerator.hs']
splitWord128s,['Data/ByteString/Builder/RealFloat/TableGenerator.hs']
splitWord128,['Data/ByteString/Builder/RealFloat/TableGenerator.hs']
case64,['Data/ByteString/Builder/RealFloat/TableGenerator.hs']
case128,['Data/ByteString/Builder/RealFloat/TableGenerator.hs']
get_range,['Data/ByteString/Builder/RealFloat/TableGenerator.hs']
float_max_split,['Data/ByteString/Builder/RealFloat/TableGenerator.hs']
float_max_inv_split,['Data/ByteString/Builder/RealFloat/TableGenerator.hs']
double_max_split,['Data/ByteString/Builder/RealFloat/TableGenerator.hs']
double_max_inv_split,['Data/ByteString/Builder/RealFloat/TableGenerator.hs']
hostByteOrder,['Data/ByteString/Utils/ByteOrder.hs']
whenLittleEndian,['Data/ByteString/Utils/ByteOrder.hs']
whenBigEndian,['Data/ByteString/Utils/ByteOrder.hs']
unalignedWriteU16,"['Data/ByteString/Utils/UnalignedAccess.hs', 'Data/ByteString/Utils/UnalignedAccess.hs', 'Data/ByteString/Utils/UnalignedAccess.hs']"
unalignedWriteU32,"['Data/ByteString/Utils/UnalignedAccess.hs', 'Data/ByteString/Utils/UnalignedAccess.hs', 'Data/ByteString/Utils/UnalignedAccess.hs']"
unalignedWriteU64,"['Data/ByteString/Utils/UnalignedAccess.hs', 'Data/ByteString/Utils/UnalignedAccess.hs', 'Data/ByteString/Utils/UnalignedAccess.hs']"
unalignedWriteFloat,"['Data/ByteString/Utils/UnalignedAccess.hs', 'Data/ByteString/Utils/UnalignedAccess.hs', 'Data/ByteString/Utils/UnalignedAccess.hs']"
unalignedWriteDouble,"['Data/ByteString/Utils/UnalignedAccess.hs', 'Data/ByteString/Utils/UnalignedAccess.hs', 'Data/ByteString/Utils/UnalignedAccess.hs']"
unalignedReadU64,"['Data/ByteString/Utils/UnalignedAccess.hs', 'Data/ByteString/Utils/UnalignedAccess.hs', 'Data/ByteString/Utils/UnalignedAccess.hs']"
fst3,['Data/LiquidPtr.hs']
snd3,['Data/LiquidPtr.hs']
myMin,['Data/LiquidPtr.hs']
myMax,['Data/LiquidPtr.hs']
newForeignPtr_,['Data/LiquidPtr.hs']
withForeignPtr,['Data/LiquidPtr.hs']
peekByteOff,['Data/LiquidPtr.hs']
peekElemOff,['Data/LiquidPtr.hs']
pokeByteOff,['Data/LiquidPtr.hs']
pokeElemOff,['Data/LiquidPtr.hs']
peek,['Data/LiquidPtr.hs']
poke,['Data/LiquidPtr.hs']
nullPtr,['Data/LiquidPtr.hs']
castPtr,['Data/LiquidPtr.hs']
plusPtr,['Data/LiquidPtr.hs']
minusPtr,['Data/LiquidPtr.hs']
mkPtr,['Data/LiquidPtr.hs']
plusForeignPtr,"['Data/LiquidPtr.hs', 'Data/ByteString/Internal/Type.hs']"
allocaBytes,['Data/LiquidPtr.hs']
unsafeForeignPtrToPtr,['Data/LiquidPtr.hs']
unsafeError,['Data/LiquidPtr.hs']
strlen,['Data/ByteString/Internal/Pure.hs']
memchr,"['Data/ByteString/Internal/Pure.hs', 'Data/ByteString/Internal/Type.hs']"
memcmp,"['Data/ByteString/Internal/Pure.hs', 'Data/ByteString/Internal/Type.hs']"
memcmp1,['Data/ByteString/Internal/Pure.hs']
intersperse,['Data/ByteString/Internal/Pure.hs']
countOccBA,['Data/ByteString/Internal/Pure.hs']
countOcc,['Data/ByteString/Internal/Pure.hs']
elemIndex,"['Data/ByteString/Internal/Pure.hs', 'Data/ByteString/Short/Internal.hs']"
reverseBytes,['Data/ByteString/Internal/Pure.hs']
reverse_bytes,['Data/ByteString/Internal/Pure.hs']
findMaximum,['Data/ByteString/Internal/Pure.hs']
find_maximum,['Data/ByteString/Internal/Pure.hs']
findMinimum,['Data/ByteString/Internal/Pure.hs']
find_minimum,['Data/ByteString/Internal/Pure.hs']
quickSort,['Data/ByteString/Internal/Pure.hs']
quick_sort,['Data/ByteString/Internal/Pure.hs']
partition,"['Data/ByteString/Internal/Pure.hs', 'Data/ByteString/Short/Internal.hs']"
isValidUtf8BA,['Data/ByteString/Internal/Pure.hs']
isValidUtf8,"['Data/ByteString/Internal/Pure.hs', 'Data/ByteString/Short/Internal.hs']"
isValidUtf8',['Data/ByteString/Internal/Pure.hs']
getDigit,['Data/ByteString/Internal/Pure.hs']
putDigit,['Data/ByteString/Internal/Pure.hs']
reverseBytesInplace,['Data/ByteString/Internal/Pure.hs']
encodeSignedDec,['Data/ByteString/Internal/Pure.hs']
encodeUnsignedDec,['Data/ByteString/Internal/Pure.hs']
encodeUnsignedDec',['Data/ByteString/Internal/Pure.hs']
encodeUnsignedDecPadded,['Data/ByteString/Internal/Pure.hs']
encodeUnsignedHex,['Data/ByteString/Internal/Pure.hs']
encodeUnsignedHex',['Data/ByteString/Internal/Pure.hs']
lower_hex_table,['Data/ByteString/Internal/Pure.hs']
digit_pairs_table,['Data/ByteString/Internal/Pure.hs']
unsafeWithForeignPtr,['Data/ByteString/Internal/Type.hs']
minusForeignPtr,['Data/ByteString/Internal/Type.hs']
peekFp,['Data/ByteString/Internal/Type.hs']
pokeFp,['Data/ByteString/Internal/Type.hs']
peekFpByteOff,['Data/ByteString/Internal/Type.hs']
pokeFpByteOff,['Data/ByteString/Internal/Type.hs']
deferForeignPtrAvailability,['Data/ByteString/Internal/Type.hs']
mkDeferredByteString,['Data/ByteString/Internal/Type.hs']
unsafeDupablePerformIO,['Data/ByteString/Internal/Type.hs']
packConstr,"['Data/ByteString/Internal/Type.hs', 'Data/ByteString/Lazy/Internal.hs']"
byteStringDataType,"['Data/ByteString/Internal/Type.hs', 'Data/ByteString/Lazy/Internal.hs']"
findIndexOrLength,"['Data/ByteString/Internal/Type.hs', 'Data/ByteString/Short/Internal.hs']"
packBytes,"['Data/ByteString/Internal/Type.hs', 'Data/ByteString/Short/Internal.hs', 'Data/ByteString/Lazy/Internal.hs']"
packChars,"['Data/ByteString/Internal/Type.hs', 'Data/ByteString/Short/Internal.hs', 'Data/ByteString/Lazy/Internal.hs']"
unsafePackLenBytes,['Data/ByteString/Internal/Type.hs']
unsafePackLenChars,['Data/ByteString/Internal/Type.hs']
unsafePackAddress,['Data/ByteString/Internal/Type.hs']
unsafePackLenAddress,['Data/ByteString/Internal/Type.hs']
unsafePackLiteral,['Data/ByteString/Internal/Type.hs']
unsafePackLenLiteral,['Data/ByteString/Internal/Type.hs']
packUptoLenBytes,['Data/ByteString/Internal/Type.hs']
packUptoLenChars,['Data/ByteString/Internal/Type.hs']
unpackBytes,"['Data/ByteString/Internal/Type.hs', 'Data/ByteString/Short/Internal.hs', 'Data/ByteString/Lazy/Internal.hs']"
unpackChars,"['Data/ByteString/Internal/Type.hs', 'Data/ByteString/Short/Internal.hs', 'Data/ByteString/Lazy/Internal.hs']"
unpackAppendBytesLazy,"['Data/ByteString/Internal/Type.hs', 'Data/ByteString/Short/Internal.hs']"
unpackAppendCharsLazy,"['Data/ByteString/Internal/Type.hs', 'Data/ByteString/Short/Internal.hs']"
unpackAppendBytesStrict,"['Data/ByteString/Internal/Type.hs', 'Data/ByteString/Short/Internal.hs']"
unpackAppendCharsStrict,"['Data/ByteString/Internal/Type.hs', 'Data/ByteString/Short/Internal.hs']"
nullForeignPtr,['Data/ByteString/Internal/Type.hs']
fromForeignPtr,['Data/ByteString/Internal/Type.hs']
fromForeignPtr0,['Data/ByteString/Internal/Type.hs']
toForeignPtr,['Data/ByteString/Internal/Type.hs']
toForeignPtr0,['Data/ByteString/Internal/Type.hs']
unsafeCreateFp,['Data/ByteString/Internal/Type.hs']
unsafeCreateFpUptoN,['Data/ByteString/Internal/Type.hs']
unsafeCreateFpUptoN',['Data/ByteString/Internal/Type.hs']
createFp,['Data/ByteString/Internal/Type.hs']
createFpUptoN,['Data/ByteString/Internal/Type.hs']
createFpUptoN',['Data/ByteString/Internal/Type.hs']
createFpAndTrim,['Data/ByteString/Internal/Type.hs']
createFpAndTrim',['Data/ByteString/Internal/Type.hs']
wrapAction,['Data/ByteString/Internal/Type.hs']
unsafeCreate,['Data/ByteString/Internal/Type.hs']
unsafeCreateUptoN,['Data/ByteString/Internal/Type.hs']
unsafeCreateUptoN',['Data/ByteString/Internal/Type.hs']
create,"['Data/ByteString/Internal/Type.hs', 'Data/ByteString/Short/Internal.hs']"
createUptoN,['Data/ByteString/Internal/Type.hs']
createUptoN',['Data/ByteString/Internal/Type.hs']
createAndTrim,"['Data/ByteString/Internal/Type.hs', 'Data/ByteString/Short/Internal.hs']"
createAndTrim',"['Data/ByteString/Internal/Type.hs', 'Data/ByteString/Short/Internal.hs']"
mallocByteString,['Data/ByteString/Internal/Type.hs']
eq,"['Data/ByteString/Internal/Type.hs', 'Data/ByteString/Lazy/Internal.hs']"
compareBytes,"['Data/ByteString/Internal/Type.hs', 'Data/ByteString/Short/Internal.hs']"
empty,"['Data/ByteString/Internal/Type.hs', 'Data/ByteString/Short/Internal.hs']"
append,"['Data/ByteString/Internal/Type.hs', 'Data/ByteString/Short/Internal.hs', 'Data/ByteString/Lazy/Internal.hs']"
concat,"['Data/ByteString/Internal/Type.hs', 'Data/ByteString/Short/Internal.hs', 'Data/ByteString/Lazy/Internal.hs']"
stimesPolymorphic,['Data/ByteString/Internal/Type.hs']
stimesNegativeErr,['Data/ByteString/Internal/Type.hs']
stimesOverflowErr,['Data/ByteString/Internal/Type.hs']
stimesNonNegativeInt,['Data/ByteString/Internal/Type.hs']
w2c,['Data/ByteString/Internal/Type.hs']
c2w,['Data/ByteString/Internal/Type.hs']
isSpaceWord8,['Data/ByteString/Internal/Type.hs']
isSpaceChar8,['Data/ByteString/Internal/Type.hs']
overflowError,['Data/ByteString/Internal/Type.hs']
checkedAdd,['Data/ByteString/Internal/Type.hs']
checkedMultiply,['Data/ByteString/Internal/Type.hs']
checkedIntegerToInt,['Data/ByteString/Internal/Type.hs']
accursedUnutterablePerformIO,['Data/ByteString/Internal/Type.hs']
memset,['Data/ByteString/Internal/Type.hs']
c_strlen,['Data/ByteString/Internal/Type.hs']
memcpyFp,['Data/ByteString/Internal/Type.hs']
c_free_finalizer,['Data/ByteString/Internal/Type.hs']
c_reverse,['Data/ByteString/Internal/Type.hs']
c_intersperse,['Data/ByteString/Internal/Type.hs']
c_maximum,['Data/ByteString/Internal/Type.hs']
c_minimum,['Data/ByteString/Internal/Type.hs']
c_count,['Data/ByteString/Internal/Type.hs']
c_count_ba,['Data/ByteString/Internal/Type.hs']
c_sort,['Data/ByteString/Internal/Type.hs']
c_elem_index,['Data/ByteString/Internal/Type.hs']
c_uint_dec,['Data/ByteString/Internal/Type.hs']
c_long_long_uint_dec,['Data/ByteString/Internal/Type.hs']
c_int_dec,['Data/ByteString/Internal/Type.hs']
c_long_long_int_dec,['Data/ByteString/Internal/Type.hs']
c_uint_hex,['Data/ByteString/Internal/Type.hs']
c_long_long_uint_hex,['Data/ByteString/Internal/Type.hs']
c_int_dec_padded9,['Data/ByteString/Internal/Type.hs']
c_long_long_int_dec_padded18,['Data/ByteString/Internal/Type.hs']
cIsValidUtf8,['Data/ByteString/Internal/Type.hs']
cIsValidUtf8BA,['Data/ByteString/Internal/Type.hs']
cIsValidUtf8BASafe,['Data/ByteString/Internal/Type.hs']
cIsValidUtf8Safe,['Data/ByteString/Internal/Type.hs']
bool_to_cint,['Data/ByteString/Internal/Type.hs']
checkedCast,['Data/ByteString/Internal/Type.hs']
length,['Data/ByteString/Short/Internal.hs']
null,['Data/ByteString/Short/Internal.hs']
index,['Data/ByteString/Short/Internal.hs']
indexMaybe,['Data/ByteString/Short/Internal.hs']
(!?),['Data/ByteString/Short/Internal.hs']
unsafeIndex,"['Data/ByteString/Short/Internal.hs', 'Data/ByteString/Unsafe.hs']"
indexError,['Data/ByteString/Short/Internal.hs']
asBA,['Data/ByteString/Short/Internal.hs']
unSBS,['Data/ByteString/Short/Internal.hs']
createAndTrim2,['Data/ByteString/Short/Internal.hs']
isPinned,['Data/ByteString/Short/Internal.hs']
toShort,['Data/ByteString/Short/Internal.hs']
toShortIO,['Data/ByteString/Short/Internal.hs']
fromShort,['Data/ByteString/Short/Internal.hs']
singleton,['Data/ByteString/Short/Internal.hs']
pack,['Data/ByteString/Short/Internal.hs']
unpack,['Data/ByteString/Short/Internal.hs']
unpackFoldr,['Data/ByteString/Short/Internal.hs']
packLenBytes,['Data/ByteString/Short/Internal.hs']
snoc,['Data/ByteString/Short/Internal.hs']
cons,['Data/ByteString/Short/Internal.hs']
last,['Data/ByteString/Short/Internal.hs']
tail,['Data/ByteString/Short/Internal.hs']
uncons,['Data/ByteString/Short/Internal.hs']
head,['Data/ByteString/Short/Internal.hs']
init,['Data/ByteString/Short/Internal.hs']
unsnoc,['Data/ByteString/Short/Internal.hs']
map,['Data/ByteString/Short/Internal.hs']
reverse,['Data/ByteString/Short/Internal.hs']
intercalate,['Data/ByteString/Short/Internal.hs']
foldl,['Data/ByteString/Short/Internal.hs']
foldl',['Data/ByteString/Short/Internal.hs']
foldr,['Data/ByteString/Short/Internal.hs']
foldr',['Data/ByteString/Short/Internal.hs']
foldl1,['Data/ByteString/Short/Internal.hs']
foldl1',['Data/ByteString/Short/Internal.hs']
foldr1,['Data/ByteString/Short/Internal.hs']
foldr1',['Data/ByteString/Short/Internal.hs']
all,['Data/ByteString/Short/Internal.hs']
any,['Data/ByteString/Short/Internal.hs']
take,['Data/ByteString/Short/Internal.hs']
takeWhile,['Data/ByteString/Short/Internal.hs']
takeEnd,['Data/ByteString/Short/Internal.hs']
takeWhileEnd,['Data/ByteString/Short/Internal.hs']
drop,['Data/ByteString/Short/Internal.hs']
dropEnd,['Data/ByteString/Short/Internal.hs']
dropWhile,['Data/ByteString/Short/Internal.hs']
dropWhileEnd,['Data/ByteString/Short/Internal.hs']
breakEnd,['Data/ByteString/Short/Internal.hs']
break,['Data/ByteString/Short/Internal.hs']
span,['Data/ByteString/Short/Internal.hs']
spanEnd,['Data/ByteString/Short/Internal.hs']
splitAt,['Data/ByteString/Short/Internal.hs']
split,['Data/ByteString/Short/Internal.hs']
splitWith,['Data/ByteString/Short/Internal.hs']
stripSuffix,['Data/ByteString/Short/Internal.hs']
stripPrefix,['Data/ByteString/Short/Internal.hs']
replicate,['Data/ByteString/Short/Internal.hs']
unfoldr,['Data/ByteString/Short/Internal.hs']
unfoldrN,['Data/ByteString/Short/Internal.hs']
isInfixOf,['Data/ByteString/Short/Internal.hs']
isPrefixOf,['Data/ByteString/Short/Internal.hs']
isSuffixOf,['Data/ByteString/Short/Internal.hs']
breakSubstring,['Data/ByteString/Short/Internal.hs']
elem,['Data/ByteString/Short/Internal.hs']
filter,['Data/ByteString/Short/Internal.hs']
find,['Data/ByteString/Short/Internal.hs']
elemIndices,['Data/ByteString/Short/Internal.hs']
count,['Data/ByteString/Short/Internal.hs']
findIndex,['Data/ByteString/Short/Internal.hs']
findIndices,['Data/ByteString/Short/Internal.hs']
copyToPtr,['Data/ByteString/Short/Internal.hs']
createFromPtr,['Data/ByteString/Short/Internal.hs']
indexCharArray,['Data/ByteString/Short/Internal.hs']
indexWord8Array,['Data/ByteString/Short/Internal.hs']
indexWord8ArrayAsWord64,['Data/ByteString/Short/Internal.hs']
newByteArray,['Data/ByteString/Short/Internal.hs']
unsafeFreezeByteArray,['Data/ByteString/Short/Internal.hs']
writeWord8Array,['Data/ByteString/Short/Internal.hs']
writeWord64Array,['Data/ByteString/Short/Internal.hs']
copyAddrToByteArray,['Data/ByteString/Short/Internal.hs']
copyByteArrayToAddr,['Data/ByteString/Short/Internal.hs']
copyByteArray,['Data/ByteString/Short/Internal.hs']
setByteArray,['Data/ByteString/Short/Internal.hs']
copyMutableByteArray,['Data/ByteString/Short/Internal.hs']
compareByteArrays,['Data/ByteString/Short/Internal.hs']
compareByteArraysOff,['Data/ByteString/Short/Internal.hs']
copyAddrToByteArray#,['Data/ByteString/Short/Internal.hs']
copyByteArrayToAddr#,['Data/ByteString/Short/Internal.hs']
copyByteArray#,['Data/ByteString/Short/Internal.hs']
packCString,['Data/ByteString/Short/Internal.hs']
packCStringLen,['Data/ByteString/Short/Internal.hs']
useAsCString,['Data/ByteString/Short/Internal.hs']
useAsCStringLen,['Data/ByteString/Short/Internal.hs']
moduleErrorIO,['Data/ByteString/Short/Internal.hs']
moduleErrorMsg,['Data/ByteString/Short/Internal.hs']
findFromEndUntil,['Data/ByteString/Short/Internal.hs']
packBytesRev,['Data/ByteString/Short/Internal.hs']
packLenBytesRev,['Data/ByteString/Short/Internal.hs']
breakByte,['Data/ByteString/Short/Internal.hs']
errorEmptySBS,['Data/ByteString/Short/Internal.hs']
moduleError,['Data/ByteString/Short/Internal.hs']
invariant,['Data/ByteString/Lazy/Internal.hs']
checkInvariant,['Data/ByteString/Lazy/Internal.hs']
chunk,['Data/ByteString/Lazy/Internal.hs']
foldrChunks,['Data/ByteString/Lazy/Internal.hs']
foldlChunks,['Data/ByteString/Lazy/Internal.hs']
defaultChunkSize,['Data/ByteString/Lazy/Internal.hs']
smallChunkSize,['Data/ByteString/Lazy/Internal.hs']
chunkOverhead,['Data/ByteString/Lazy/Internal.hs']
cmp,['Data/ByteString/Lazy/Internal.hs']
times,['Data/ByteString/Lazy/Internal.hs']
fromStrict,['Data/ByteString/Lazy/Internal.hs']
toStrict,['Data/ByteString/Lazy/Internal.hs']
bsLen,['Data/ByteString/Unsafe.hs']
bsPointer,['Data/ByteString/Unsafe.hs']
unsafeHead,['Data/ByteString/Unsafe.hs']
unsafeTail,['Data/ByteString/Unsafe.hs']
unsafeInit,['Data/ByteString/Unsafe.hs']
unsafeLast,['Data/ByteString/Unsafe.hs']
unsafeTake,['Data/ByteString/Unsafe.hs']
unsafeDrop,['Data/ByteString/Unsafe.hs']
unsafePackAddressLen,['Data/ByteString/Unsafe.hs']
unsafePackCStringFinalizer,['Data/ByteString/Unsafe.hs']
unsafeFinalize,['Data/ByteString/Unsafe.hs']
unsafePackCString,['Data/ByteString/Unsafe.hs']
unsafePackCStringLen,['Data/ByteString/Unsafe.hs']
unsafePackMallocCString,['Data/ByteString/Unsafe.hs']
unsafePackMallocCStringLen,['Data/ByteString/Unsafe.hs']
unsafeUseAsCString,['Data/ByteString/Unsafe.hs']
unsafeUseAsCStringLen,['Data/ByteString/Unsafe.hs']
